{
  "name": "Spacebook",
  "subtitle": "Create a modern notebook to document or explain almost anything.",
  "description": "Create a modern notebook to document or explain almost anything with spacebook.app",
  "footer": "Made with ❤ in Minneapolis",
  "url": "https://spacebook.app",
  "githubUrl": "https://github.com/<username>/<repository>",
  "githubBranch": "main",
  "navigationStyle": "vertical",
  "emoji": "💥",
  "enableSearch": true,
  "enableDarkMode": true,
  "enableEditButton": true,
  "enableDatestamp": true,
  "enableGithubLink": false,
  "enableContact": false,
  "enableNetlifyCMS": false,
  "enableComments": false,
  "enableEncryption": false,
  "enablePageNavigation": true
}
